"Name","Resolucion","Fecha Resolucion","Registro"
"""ASOCIACIÓN PRIVADA DE FIELES, HERMANAS DE SAN JOSÉ""","213","2012-11-16","371"
"""ASOCIACIÓN PÚBLICA DE FIELES DE LAS SERVIDORAS DE LA PRESENCIA DE DIOS""","79","2012-06-26","368"
"""ASOCIACIÓN PÚBLICA DE FIELES DE LOS PEREGRINOS DE LA EUCARISTÍA""","131","2016-06-14","385"
"""BETANIA DEL SAGRADO CORAZÓN""","358","2019-11-20","397"
"""CARMELITAS DE MARIA INMACULADA""","268","2013-10-18","377"
"""COMUNIDAD DEL CORDERO - HERMANITOS DE SANTO DOMINGO""","251","2016-01-05","349/1"
"""CONGREGACIÓN DE LOS SAGRADOS CORAZONES DE JESÚS Y DE MARÍA Y DE LA ADORACIÓN PERPETUA DEL SANTISIMO SACRAMENTO DEL ALTAR""","228","2012-12-20","372"
"""CONGREGACIÓN HERMANAS DEL DIVINO REDENTOR""","247","2013-10-18","376"
"""DISCIPULAS DE JESÚS""","218","2013-08-30","375"
"""ESCLAVAS DEL SANTISIMO SACRAMENTO Y DE LA INMACULADA""","87","2015-05-14","382"
"""FEDERACIÓN MARÍA, MADRE DE LA GRACIA DE MONJAS DE LA ORDEN DE PREDICADORES""","168","2020-08-11","398"
"""FRANCISCANAS MISIONERAS DE LA INMACULADA CONCEPCIÓN""","202","2016-10-07","388"
"""FRANCISCANAS MISIONERAS DE MARIA""","279","2019-08-28","395"
"""FRATERNIDAD APOSTOLICA SACERDOTAL TOMÁS DE AQUINO"" (FASTA SACERDOTAL)","272/2016","2016-12-21","389"
"""HERMANAS  FRANCISCANAS  DE  LA  INMACULADA""","80","2012-07-16","369"
"""HERMANAS CONSOLADORAS  DEL DIVINO CORAZÓN DE JESÚS""","133","2012-07-20","370"
"""HERMANAS DE LA CARIDAD DE JESÚS""","7","2013-03-14","373"
"""HERMANAS DEL NIÑO JESÚS""","135","2016-06-23","386"
"""HERMANAS FRANCISCANAS MISIONERAS DEL NIÑO JESÚS""","320","2017-12-29","392"
"""HERMANAS HOSPITALARIAS DEL SAGRADO CORAZÓN DE JESÚS""","17","1999-03-01","196"
"""HERMANAS MISIONERAS DEL SAGRADO CORAZÓN DE JESÚS Y DE MARÍA""","173","2013-07-18","374"
"""HERMANOS  FRANCISCANOS DE  LA INMACULADA""","10","2012-03-09","367"
"""HERMANOS FRANCISCANOS DE LA CRUZ BLANCA""","1","2016-01-15","384"
"""HIJAS DE LA INMACULADA CONCEPCIÓN DE LA BEATA VIRGEN MARIA - INSTITUTO DE LAS HIJAS DE MARÍA INMACULADA""","321","2017-12-29","393"
"""HIJAS DE MARIA DEL ROSARIO DE SAN NICOLÁS""","139","2016-08-02","387"
"""HIJAS DE SANTA MARIA DEL CORAZÓN DE JESÚS""","138","2014-09-19","380"
"""HIJAS DEL SANTÍSMO E INMACULADO CORAZÓN DE MARIA O FILIACIÓN CORDIMARIANA""","317","2017-12-29","219/1"
"""HIJOS DEL SAGRADO E INMACULADO CORAZÓN DE MARIA""","43","2020-07-16","399"
"""INSTITUTO DE KKOTTONGNAE HERMANAS DE JESÚS""","155","2019-05-27","394"
"""INSTITUTO DE SACERDOTES DIOCESANOS DE SCHÖNSTATT""","268","2013-10-18","378"
"""MISIONERAS DE LOS ENFERMOS""","71","2014-07-23","379"
"""MISIONERAS HIJAS  DE LA MADRE SANTISIMA DE LA LUZ""","198","2017-08-22","391"
"""MISIONEROS HIJOS DE SAN JOSÉ""","170","2020-08-11","400"
"""MONASTERIO JESUCRISTO SUMO Y ETERNO SACERDOTE E INMACULADO CORAZÓN DE MARÍA  (ORDEN DE CARMELITAS DESCALZAS DE LA BIENAVENTURADAD VIRGEN MARIA DEL MONTE CARMELO)""","152","2014-09-19","6/31"
"""MONASTERIO MADRE DE DIOS, MONJAS DOMINICAS DE LA ORDEN DE PREDICADORES""","296","2014-12-22","147/4"
"""ORDEN  DE FRAILES MENORES-PROVINCIA FRANCISCANA  DE  SAN  JERÓNIMO  EN DALMACIA""","N° 1319","2003-10-15","14/3"
"""ORDEN DE LAS HERMANAS POBRES DE SANTA CLARA - MONASTERIO NUESTRA SEÑORA DE FÁTIMA Y SANTA CLARA  (HERMANAS  CLARISAS)""","83","2016-04-15","17/3"
"""ORDEN DE LAS HERMANAS POBRES DE SANTA CLARA"" (MONASTERIO INMACULADA CONCEPCIÓN Y SANTA CLARA)","230","2016-12-01","17/2"
"""ORDEN LIBANESA MARONITA (BALADITA)"" O.L.M","50","2021-07-12","401"
"""SOCIEDAD DE VIDA APOSTÓLICA CONSAGRADA DEL REGNUM CHRISTI""","336","2019-10-19","396"
"Abadía de Cristo Rey (Congregación Benedictina de la Santa Cruz del Cono Sur)","1883","2010-05-01","1/3"
"Abadía de Cristo Rey (Congregación Benedictina de la Santa Cruz del Cono Sur)","1883","1997-07-10","1/3"
"Abadía de San Benito de la Confederación Benedictina (Orden de San Benito)","DPEN 912","1995-07-05","1"
"Abadía Gaudium Mariae de Monjas Benedictinas","DPEN 805","1994-05-23","4"
"Abadía Nuestra Señora de la Esperanza de Monjas Benedictinas de la Congregación Benedictina del Cono Sur","1879","1997-07-10","4/4"
"Abadía Nuestra Señora de los Ángeles Orden Cistercience de la Estricta Observancia (Monasterio Trapense de Azul)","3841","1997-12-12","138"
"Abadía Santa Escolástica (Monjas Benedictinas de la Congregación de la Santa Cruz del Cono Sur)","1027","1997-04-21","4/3"
"Abadía Santa María de los Toldos (Congregación Benedictina de la Santa Cruz del Cono Sur)","2018","1997-07-18","1/4"
"Adoratrices de la Sangre de Cristo (Hermanas Adoratrices de la Preciosísima Sangre)","240","1997-02-04","71"
"Apóstoles del Sagrado Corazón de Jesús","2107","2001-06-25","275"
"Asociación Cristo Sacerdote (Asoc. Priv. Fiel c/pers. jur. canónica)","1368","1996-05-21","11"
"Asociación de Monasterios de Monjas Carmelitas Descalzas Nuestra Señora de Luján en la Argentina","2573","2000-09-13","250"
"Auxiliares Parroquiales de Santa María","1175","1998-04-02","164"
"Carmelitas de Santa Teresa","2125","2007-10-10","354"
"Carmelitas Misioneras","88","1999-05-05","212"
"Carmelitas Misioneras Teresianas","3631","1996-12-18","63"
"Clarisas Franciscanas Misioneras del Santísimo Sacramento","95","1999-05-05","213"
"Compañía de Jesús (Jesuítas)","60","1997-01-10","68"
"Companía de María (Marianistas)","2384","1996-08-16","28"
"Compañía de María para la Educación de los Sordomudos.","763","1930-04-14","301"
"Compañía de San Pablo","1195","2002-07-08","296"
"Compañía de Santa Teresa de Jesús (Teresianas)","3085","1996-10-29","46"
"Compañía del Divino Maestro","2924","1997-10-03","114"
"Comunidad de San Gabriel                      AsocPrivFiel","3702","2000-12-20","258"
"Conferencia Argentina de Religiosos y Religiosas (CONFAR)","2162","1997-07-25","100"
"Congregación  de Nuestra Señora de la Inmaculada Concep - (Hnas Azules de Castres) - Pcia Cruz del Sur","2610","1998-07-16","177"
"Congregación  Hermanas de los Pobres de Santa Catalina de Siena","3283","2001-10-24","278"
"Congregacion  Nuestra Señora  de la Caridad del Buen Pastor","942","2004-05-17","313"
"CONGREGACION ""HIJAS DE NUESTRA SEÑORA DE LA SALUD""","286","2009-12-29","357"
"Congregación Argentina de Hermanas Dominicas del Santo Rosario (Dominicas Mendocinas)","3263","1997-10-30","122"
"Congregación Benedictina de la Santa Cruz - Orden de San Benito - (Abadía del Niño Dios)","3446","1996-11-27","1/1"
"Congregación Benedictina de la Santa Cruz del Cono Sur (Monasterio Nuestra Señora de la Paz)","1167","1997-05-08","1/2"
"Congregación Canonesas de la Cruz","1143","1997-05-08","79"
"Congregación de Hermanas Adoratrices del Santísimo Sacramamento bajo el patrocinio del Inmaculado Corazón de María (Hermanas Adoratrices Argentinas)","4012","1997-12-28","141"
"Congregación de Hermanas Albertinas Servidoras de los Pobres","26","1998-09-09","179"
"CONGREGACION DE HERMANAS DE LA VIRGEN  MARIA  DE GRANADA (HERMANAS  DE LA PRESENTACION)","3117","1996-10-29","47"
"Congregación de Hermanas de la Virgen María de Granada  (Hermanas de la Presentación)","3117","1996-10-29","47"
"Congregación de Hermanas de Nuestra Señora de la Consolación","305","2001-02-06","263"
"Congregación de Hermanas de San Carlos Borromeo, Hijas de la Iglesia","562","1998-02-13","149"
"Congregación de Hermanas de Santa Marta de Perigueux (Hermanas de Santa Marta)","3618","2001-11-29","287"
"Congregación de Hermanas Dominicas de San José - Argentinas -","2467","1997-09-02","104"
"Congregación de Hermanas Misioneras de San Carlos Borromeo (Scalabrinianas)","2816","1997-09-18","112"
"Congregación de la Misión","112","1999-06-04","216"
"Congregación de la Pasión de Jesucristo (Pasionistas)","97","1999-05-05","206"
"Congregación de la Santa Unión de los Sagrados Corazones (La Santa Unión)","3527","1997-11-17","126"
"Congregación de las Hermanas de Caridad de San Vicente de Paul de Zagreb (Vicentinas de Zagreb)","1222","2000-05-05","245"
"Congregación de las Hermanas de la Resurrección de Nuestro Señor Jesucristo","3845","2000-12-27","259"
"Congregación de las Hermanas de Nuestra Señora de la Inmaculada Concepción de Castres - Provincia Argentina/Uruguay","1102","2006-06-12","343"
"Congregación de las Hermanas de Nuestra Señora de la Inmaculada Concepción de Castres - Provincia Argentina/Uruguay","1102","2006-06-12","343"
"CONGREGACION DE LAS HERMANAS DE SAN JOSE DE CHAMBERY","496-2023","2023-09-01","405"
"Congregación de las Hermanas Docentes de Hallein Salzburg (Congregación de las Hermanas Franciscanas de Hallein Salz en Argentina)","200","1999-11-10","224"
"Congregación de las Hermanas Dominicas de Santa Catalina de Siena","2323","1997-08-22","98"
"Congregación de las Hermanas Dominicas de Santa Catalina de Siena - Provincia Argentina Latina","2613","2007-11-30","355"
"Congregación de las Hermanas Oblatas de Jesús y María","1477","2005-06-27","329"
"Congregación de las Hermanitas de la Inmaculada Concepción","1609","2003-11-17","305"
"Congregación de las Hermanitas de los Pobres","19","2006-01-09","337"
"Congregación de las Religiosas de Jesús María","695","2000-03-16","237"
"Congregación de las Religiosas de San José (Hnas. Josefin.)","681","1996-03-19","7"
"Congregación de las Religiosas de Santa Ana (Instituto Santa Ana de la Providencia)","3194","1996-11-06","50"
"Congregación de las Religiosas Siervas de Jesús de la Caridad","192","1999-10-07","222"
"Congregación de las Siervas del Corazón de María","966","2000-04-17","240"
"Congregación de los Agustinos de la Asunción. (Padres Asuncionistas)","552","2001-02-26","264"
"Congregación de los Clérigos Marianos de la Inmacula  da Concepción de la BVM (Congregación de los Padres Marianos de la Inmaculada Concepción)","3633","1996-12-18","62"
"Congregación de los Hijos de la Inmaculada Concepción (Concepcionistas)","1880","1997-07-10","92"
"Congregación de los Hijos de Santa María Inmaculada","93","1999-05-05","209"
"Congregación de los Misioneros de San Carlos - Congregación Scalabriniana - Padres Scalabrinianos","3445","1996-11-27","57"
"Congregación de los Misioneros Libaneses Maronitas (Congreg Clerical de Dcho Patriarcal)","120","1999-06-08","199"
"Congregación de los Oblatos de la Virgen María - Provincia de Santa María de los Buenos Aires","80","1998-01-12","144"
"Congregación de los Oblatos de María Inmaculada (Misioneros Oblatos de María Inmaculada)","3257","1996-11-13","52"
"Congregación de los Padres Rogacionistas del Corazón de Jesús (Padres Rogacionistas)","937","1998-03-04","157"
"Congregación de los Santos Angeles Custodios","965","2000-04-17","241"
"Congregación de los Servidores de Jesús y de María","941","2004-05-17","311"
"Congregación de Nuestra Señora de la Inmaculada Concepción - Pcia Lomas (Hnas Azules de Castres)","1106","2000-04-28","177/1"
"Congregación de Nuestra Señora de Sión","3698","1997-11-24","130"
"Congregación de Religiosas del Verbo Encarnado","1106","2003-10-19","303"
"Congregación de Religiosas Hijas de San José (Hijas de San José - Josefinas)","1367","1996-05-21","12"
"Congregación de San José (Josefinos de Murialdo)","2147","1996-08-01","18"
"Congregación de San Miguel Arcangel (Miguelinos)","705","1997-03-24","75"
"CONGREGACION DEL ORATORIO DE SAN FELIPE NERI","1458","2007-07-18","350"
"Congregación del Sagrado Corazón del Verbo Encarnado (Hnas. del Verbo Encarnado)","892","1998-03-04","156"
"Congregación del Santísimo Redentor (Provincia Redentorista Bonaerense)","DPEN2376","1996-12-07","78"
"Congregación del Santísimo Redentor (Viceprovincia de Resistencia)","DPEN1513","1994-08-23","15"
"Congregación del Santísimo Sacramento (Padres Sacramentinos)","761","2000-03-28","238"
"Congregación del Santísimo Salvador de Letrán de la Orden de Canónigos Regulares de San Agustín","2382","1997-08-27","103"
"Congregación del Verbo Divino (Pcia Argentina Este)","1960","1996-07-05","16/1"
"Congregación del Verbo Divino (Pcia Argentina Norte)","2072","1996-07-24","16/2"
"Congregación del Verbo Divino (Provincia Argentina Sur)","1959","1996-07-05","16"
"Congregación Hermanas de San José de Cúneo (Hermanas de San José)","2541","1997-09-08","106"
"Congregacion Hermanas de San Juan Baustista","3468","2001-11-16","285"
"Congregación Hermanas Dominicas de Santa Catalina de Siena-Oakford Natal","764","2001-03-22","266"
"Congregación Hermanas Enfermeras de la Virgen Dolorosa","891","1998-03-04","154"
"Congregación Hermanas Mercedarias de la Caridad","2581","1997-08-27","101"
"Congregación Hermanas Murialdinas de San José (Murialdinas de San José)","1740","1997-06-20","90"
"Congregación Hermanas Siervas de María Inmaculada","3282","2001-10-24","277"
"Congregación Hermanitas de los Ancianos Desamparados","3144","1996-11-06","48"
"Congregación Hijas de la Cruz","2126","2007-10-10","353"
"Congregación Hijas de Nuestra Señora del Monte Calvario (Hermanas del Monte Calvario)","2383","1996-08-16","26"
"Congregación Hijas de San Camilo (Hijas de San Camilo)","616","1997-03-14","74"
"Congregación Hijas de San José","2658","1996-09-23","37"
"Congregación Hijas de Santa Ana","2200","1996-08-01","20"
"Congregación Hijas Nuestra Señora de Luján","1876","1997-07-10","91"
"Congregación Hnas Terciarias Misioneras Franciscanas","3629","1996-12-18","64"
"Congregación Marta y María","385","2006-03-13","338"
"Congregación Misionera  de las Siervas del Espíritu Santo - Provincia Argentina Sur","143","1999-07-02","118/2"
"Congregación Misionera de las Siervas del Espíritu Santo (Provincia Argentina Misiones)","3986","1997-12-23","118/1"
"Congregación Misionera de las Siervas del Espíritu Santo (Provincia Argentina Norte)","2926","1997-10-03","118"
"Congregación Misionera Mariana del Espíritu Santo","1111","1997-05-08","80"
"Congregación Pobres Siervas de la Divina Providencia","2807","1996-10-02","41"
"Congregación Pobres Siervos de la Divina Providencia","3756","1997-12-09","132"
"Congregación San Pedro “Ad Víncula” P.P. Fisionanos","2657","1996-09-23","32"
"Congregación Siervos de la Caridad (Obra Don Guanella)","2517","1996-09-06","33"
"Consagradas Misioneras de la Familia","1107","2003-09-19","302/1"
"Cooperadores Parroquiales de Cristo Rey","201","1999-11-10","223"
"Cooperatrices Parroquiales de Cristo Rey","1870","1998-05-14","168"
"Esclavas de la Inmaculada Niña (Divina Infantita)","3379","1996-11-21","54"
"Esclavas del Divino Corazón","1611","1997-06-11","89"
"Esclavas del Sagrado Corazón de Jesús","3591","1996-12-05","60"
"Franciscanas Misioneras de la Madre del Divino Pastor","38","1998-09-17","180"
"Franciscanas Misioneras de Notre Dame","3709","2001-12-07","289"
"Fraternidad  Monástica Abba, Padre","3316","2001-10-31","279"
"Fraternidad de Belén (Frailes Capuchinos Recoletos)","2163","1997-07-25","95"
"Fraternidad de las Hermanitas de Jesús (Carlos de Jesús)","1987","0007-09-20","351"
"Fraternidad Eclesial Franciscana (Hermanas de la Fraternidad Eclesial Franciscana)","2516","1996-09-06","35"
"Fraternidad Hermanitas de la Paz (Hermanitas de la Paz)","2819","1997-09-18","117"
"Fraternidad Misionera Verbum Dei - Misioneras Verbum Dei","2507","2005-11-01","335"
"Fraternidad Monástica del Cristo Orante  (AsocPbl Fiel)","229","1999-12-07","220"
"Fraternidad Religiosa Nazareth","820","2004-04-29","304/1"
"Fraternidad Sacerdotal Nazareth- Fraternidad Religiosa Nazareth                     (Asoc priv de fieles)","1277","2003-10-10","304"
"Hermanas Agustinas Misioneras","2564","1997-09-08","109"
"Hermanas Auxiliares de los Ejercicios Espirituales","3527","1996-12-05","55"
"Hermanas Benedictinas Misioneras de Tutzing","1016","1996-04-22","9"
"Hermanas Capuchinas de la Madre Rubatto","1875","2001-06-11","274"
"Hermanas Carmelitas de la Caridad de Vedruna","737","1998-03-04","152"
"HERMANAS CARMELITAS DE LA CARIDAD DE VEDRUNA","737","1998-03-04","152"
"HERMANAS CARMELITAS DE LA CARIDAD DE VEDRUNA","737","1998-03-04","152"
"Hermanas Clarisas de la Inmaculada (Terciarias Franciscanas Regulares)","50","2007-01-11","347"
"Hermanas de Belén y de la Asunción de la Virgen (Monasterio Santa María en la Santísima Trinidad)","2686","1996-09-23","34"
"Hermanas de Caridad  de Nuestra Señora del Buen y Perpetuo Socorro","3456","2000-11-15","283"
"Hermanas de Caridad de la Inmaculada Concepción de Ivrea","606","2000-03-03","235"
"Hermanas de Caridad de las Santas Bartolomea Capitanio y Vicenta Gerosa (Hnas. de la Virgen Niña)","92","1999-05-05","207"
"Hermanas de Jesús Buen Pastor (Pastorcitas)","22","1998-09-07","183"
"Hermanas de la Caridad Cristiana. Hijas de la BVM de la Inmaculada Concepción (Hermanas de Mallinckrodt)","59","1998-10-09","193"
"Hermanas de la Caridad de Santa Juana Antida Thouret (Hermanas de la Caridad)","1400","1997-05-30","86"
"Hermanas de la Compañía de la Cruz (Hermanas de la Cruz)","3567","1996-12-05","58"
"Hermanas de la Compañía de María","2691","2005-11-21","336"
"Hermanas de la Inmaculada (Hermanas de la Inmaculada de Génova)","3086","1996-10-29","45"
"Hermanas de la Misericordia de las Américas","1057","1998-03-27","160"
"HERMANAS DE LA MISERICORDIA DE VERONA","294","2005-03-15","321"
"Hermanas de la Orden de San Basilio Magno (Hermanas Basilianas)","3322","2001-10-31","281"
"Hermanas de la Providencia","11","1998-08-25","175"
"Hermanas de la Providencia  bajo  la Protección de San Cayetano Thiene","3908","2001-12-18","292"
"Hermanas de la Santa Cruz y Pasión de Nuestro Señor Jesucristo (Hermanas Pasionistas)","3815","1997-12-12","139"
"Hermanas de la Santísima Trinidad (Hnas Trinitarias)","1411","2000-05-24","247"
"Hermanas de las Divinas Vocaciones (Hnas. Vocacionistas)","1708","2000-07-06","248"
"Hermanas de las Escuelas de Nuestra Señora","2381","1996-08-16","21"
"Hermanas de Nuestra Señora  del Rosario de Bs. As.","1135","1997-05-08","81"
"Hermanas de Nuestra Señora de los Apóstoles","1606","1997-06-11","88"
"Hermanas de Nuestra Señora del Calvario (Hermanas del Calvario)","609","1996-03-19","5"
"Hermanas de Nuestra Señora del Carmen","2540","1997-09-08","105"
"Hermanas de Nuestra Sra. de la Compasión (Hnas. de la Compasión)","4097","1997-12-26","142"
"Hermanas de San Antonio de Padua","39","1998-09-17","188"
"Hermanas de San Antonio de Padua- Provincia Argentina","1310","2001-05-02","188/1"
"Hermanas de San Casimiro","3529","2000-11-16","255"
"Hermanas de San Jose de Cluny","851","2004-05-03","312"
"Hermanas de Santa Dorotea de Cemmo","2319","1997-08-22","99"
"Hermanas del Apostolado Católico (Palotinas)","199","1999-11-10","226"
"Hermanas Dominicas de la Anunciata","113","1998-12-28","197"
"Hermanas Dominicas de la Inmaculada Concepción","1475","2005-06-27","330"
"Hermanas Dominicas de Ntra. Sra. del Rosario y Sta. Catalina de Siena(Hnas. Dominicas Irlandesas de CABRA)","3124","1997-10-22","120"
"Hermanas Dominicas de Santa Catalina de Siena, docentes y enfermeras.","1366","1996-05-21","13"
"Hermanas Dominicas del Santísimo Jesús","3500","1997-11-17","125"
"Hermanas Dominicas del Santísimo Sacramento","2698","1997-09-15","113"
"Hermanas Educacionistas de la Tercera Orden de San Francisco (Hermanas Educacionistas Franciscanas)","3568","1996-12-05","59"
"Hermanas Educacionistas Franciscanas de Cristo Rey","91","1999-05-05","205"
"Hermanas Fieles Compañeras de Jesús","2586","1997-09-08","110"
"Hermanas Franciscanas de la Caridad Cristiana","3816","1997-12-12","137"
"Hermanas Franciscanas de la Inmaculada Concepción de María de Bonlanden","64","1999-04-08","203"
"Hermanas Franciscanas Misioneras de la Natividad de Nuestra Señora","98","1999-05-05","202"
"Hermanas Hijas de la Caridad Canossianas","212","1999-11-18","201"
"Hermanas Hospitalarias de la Misericordia","2809","2000-09-29","251"
"Hermanas Hospitalarias del Sagrado Corazón de Jesús","17","1999-02-10","196"
"Hermanas Maestras de la Santa Cruz (Hnas. de la Santa Cruz)","4110","1997-12-26","143"
"Hermanas Mínimas de Nuestra Señora del Sufragio","1816","2003-12-18","309"
"Hermanas Misioneras Catequistas de Cristo Rey","2346","1998-06-18","173"
"Hermanas Misioneras de la Divina Misericordia","1622","2002-09-09","298"
"Hermanas Misioneras de San Pedro Claver (Claverianas)","2939","1996-10-18","43"
"Hermanas Misioneras Redentoristas","1474","2005-06-27","327"
"Hermanas Oblatas del Santísimo Redentor","1291","2000-05-16","246"
"Hermanas Obreras Catequistas de Jesús Sacrament","3209","1997-10-30","123"
"Hermanas Pequeñas Obreras de los Sagrados Corazones (Instituto de las Pequeñas Obreras de los Sagrados Corazones)","2376","1996-08-16","22"
"Hermanas Pías Discípulas del Divino Maestro","216","2001-01-22","262"
"Hermanas Pobres Bonaerenses de San José","890","1998-03-04","155"
"Hermanas Siervas de María Reparadoras","1881","1997-07-10","93"
"Hermanas Terciarias Carmelitas de Santa Teresa de Jesús (Huérfanas)","3195","1996-11-06","49"
"Hermanas Terciarias Franciscanas de la Caridad (Hermanas Franciscanas o Franciscanas Enfermeras)","556","1996-03-13","3"
"Hermanas Terciarias Franciscanas Isabelinas de Padua","70","1999-04-09","198"
"Hermanas Ursulinas de María Virgen Inmaculada de Gandino (Instituto de las Hermanas Ursulinas)","5","1997-01-02","67"
"Hermandad de Sacerdotes Operarios Diocesanos del Corazón de Jesús","943","2004-05-17","310"
"Hermanitas de la Asunción","3125","1997-10-22","121"
"Hermanitas de San José de Montgay (Hermanitas de San José)","981","2000-04-17","243"
"HERMANITAS DEL CORDERO-DOMINICAS","1455","2007-07-18","349"
"HERMANOS  DE  LA  INSTRUCCION  CRISTIANA  DE  PLöERMEL   (MENESIANOS)","3460","2021-11-15","282"
"Hermanos  Descalzos de la Orden de la BVM del Monte Carmelo (Provincia de la Santísima Trinidad)","2366","1996-08-16","10/1"
"Hermanos de la Instrucción Cristiana de Ploermel (Menesianos)","3460","2001-11-15","282"
"Hermanos de la Orden de la BVM del MC -Provincia de Santa Teresa y San Juan de la Cruz de Castilla - España (Orden del Carmen- Carmelitas)","1080","1998-04-02","159"
"Hermanos de la Sagrada Familia","248","1998-01-26","146"
"Hermanos de las Escuelas Cristianas- Hermanos de La Salle","2656","1996-09-23","36"
"Hermanos de Nuestra Señora de la Misericordia.","1709","2000-07-06","249"
"Hermanos del Sagrado Corazón","65","1999-04-08","200"
"Hermanos Descalzos de la Orden de la BVM del Monte Carmelo - Padres Descalzos (Pcia Sto Angel Custodio)","3298","1996-11-15","10"
"Hermanos Maristas de la Enseñanza o Hermanitos de María","1815","2003-12-18","308"
"Hermanos Maristas de la Enseñanza o Hermanitos de María (Provincia Córdoba)","41","2000-01-11","233"
"Hermanos Maristas de la Enseñanza o Hermanitos de María (Provincia Río de la Plata)","39","2000-01-11","233/1"
"Hijas  de  Nuestra Señora de la Misericordia -Savona  Provincia Cordoba","3143","2001-10-10","270"
"Hijas de Jesús","68","2000-01-11","231"
"Hijas de la Caridad de San Vicente de Paul (Hermanas Vicentinas - Hermanas de la Caridad)","2921","1996-10-16","44"
"Hijas de la Inmaculada Concepción de Buenos Aires","3315","2001-10-31","280"
"Hijas de la Inmaculada Concepción de la Caridad","365","1997-02-19","72"
"Hijas de la Misericordia de la Tercera Orden Regular de San Francisco","3579","2001-11-29","288"
"Hijas de la Sabiduría","145","1998-01-19","145"
"Hijas de la Virgen de los Dolores","3258","2000-11-02","252"
"Hijas de los Sagrados Corazones de Jesús y María (Instituto Ravasco)","2726","1996-09-23","39"
"Hijas de María Auxiliad - Inspec Ntra Sra del Sto Rosario","68","1999-04-08","189/1"
"Hijas de Maria Auxiliad - Inspec San Francisco Javier","67","1999-04-08","189/2"
"Hijas de María Auxiliadora - Inspectoría San Fco. de Sales","42","1998-09-18","189"
"HIJAS DE MARIA INMACULADA (MARIANISTAS)","N°105","2009-06-09","N°358"
"Hijas de María Santísima del Huerto (Hermanas del Huerto - Provincia de Córdoba)","773","1997-04-04","65/1"
"Hijas de Maria Santisima del Huerto (Hermanas del Huerto)","3722","1996-12-23","65"
"Hijas de Nuestra Señora de  la Misericordia - Savona","1872","2001-06-11","270"
"Hijas de San José de Genoni","115","2000-01-11","234"
"Hijas de Santa María de la Providencia","67","2000-01-11","232"
"Hijas del Corazón de María","2813","1997-09-18","116"
"Hijas del Oratorio","2516","1998-07-02","174"
"Hijas del Santísimo e Inmaculado Corazón de María o Filiación Cordimariana","193","1999-10-07","219"
"Hijos de la Sagrada Familia","1167","2002-07-04","294"
"Instituto  de la Santísima Trinidad (Religiosas Trinitarias de Valencia)","765","2001-03-22","265"
"Instituto  Mater Dei","1438","2001-05-14","269"
"Instituto Catequista Dolores Sopeña (Catecas)","111","1999-06-04","217"
"Instituto Cristífero","2385","1996-08-16","23"
"Instituto Cristo Rey","3721","2001-12-14","291"
"Instituto de Hermanas de la Sagrada Familia de Urgel","577","1998-02-13","150"
"Instituto de Hermanas Misioneras de San Francisco Javier","10","1998-08-25","186"
"Instituto de Hijas de María Religiosas de las Escuelas Pías (Madres Escolapias)","3710","2001-12-07","290"
"Instituto de la Bienaventurada Virgen Maria","2221","1997-08-05","97"
"Instituto de las Hermanas de la Sagrada Familia de Nazareth (Hermanas de Nazareth)","317","1998-02-02","148"
"Instituto de las Hermanas de San José de Pinerolo","2134","2006-10-12","346"
"Instituto de las Religiosas de la Asunción","114","1998-12-28","190"
"Instituto de las Siervas de Jesús Sacramentado","54","1998-10-09","181"
"Instituto de Religiosas Adoratrices Esclavas del Santisimo Sacramento y de la Caridad (Hermanas Adoratrices Españolas)","1955","2001-06-14","272"
"Instituto de Religiosas de San José de Gerona","41","1998-09-17","187"
"Instituto del Verbo Encarnado","2547","2005-11-08","333"
"Instituto Hermanas Esclavas del Corazón de Jesús (Arg)","28","1998-09-09","178"
"Instituto Hermanas Misioneras de la Consolata (Hermanas Misioneras de la Consolata)","2432","1996-09-06","29"
"Instituto Hijas de Jesús","837","1997-04-04","76"
"Instituto Hijas de María Inmaculada (Concepcionistas Arg)","2587","1997-09-08","107"
"Instituto Hijas de Nuestra Señora de la Misericordia de Savona (Rosario)","1814","2003-12-18","270/2"
"Instituto Inmaculada Concepción de Nuestra Señora de Lourdes (Hermanitas Lourdistas)","1055","1998-03-27","161"
"Instituto Miles Christi","90","1999-05-05","215"
"Instituto Misiones Consolata (Misioneros de la Consolata)","680","1996-03-19","8"
"Instituto religioso de la Sagrada Familia de Burdeos (Hermanas de la Sagrada Familia de Burdeos)","3258","1996-11-13","53"
"Instituto Religioso Hnas. Terceras Mercedarias del Niño Jesús","12","1998-08-25","185"
"Instituto Religioso San Juan Bautista","27","1998-09-09","184"
"INSTITUTO SECULAR ""SERVI TRINITATIS"" -RAMA FEMENINA","126","2016-06-07","273/1"
"Instituto Secular de Schönstatt - Hermanas de María","2693","1996-09-23","38"
"Instituto Secular Femenino &quot;Hijas de la Natividad de María&quot; ( Hijas de la Natividad de María)","2411","1996-09-03","27"
"Instituto Secular Fraternidad de Santa María de los Ángeles","1871","1998-05-14","167"
"Instituto Secular Misioneras Apostólicas de la Caridad (Misioneras Apostólicas de la Caridad)","3435","1996-11-27","56"
"Instituto Secular Misioneras del Amor Infinito (MISSAI)","2438","1996-09-06","30"
"Instituto Secular Nuestra Señora de Schönstatt","1131","2001-04-18","267"
"Instituto Secular Padres de Schoenstatt (Padres de Sch.)","592","1997-03-14","73"
"Instituto SERVI TRINITATIS (Asoc Pbl Fieles infieri Inst Sec)","1871","2001-06-11","273"
"Junta de Institutos Seculares en la Argentina (Conf.Relig.)","2609","1998-07-16","172"
"Las Pequeñas Siervas de la Sagrada Familia de Seul","3401","2000-11-16","254"
"Legionarios de Cristo","133     467","1996-01-24","2"
"Mensajeras de Jesús en la Familia     (AsocPrFinFInsSec)","2347","1998-06-18","170"
"Mensajeras de Jesús en la Familia  (AsocPblFin IVC)","3699","1997-11-24","127"
"Mínima Congregación de Siervas del Sagrado Corazón de Jesús","2006","2002-10-30","293"
"Misioneras Agustinas Recoletas","3590","1996-12-05","61"
"Misioneras Cruzadas de la Iglesia","3530","2000-11-16","256"
"Misioneras de Cristo Resucitado","936","1998-03-04","158"
"Misioneras de Jesús Verbo y Víctima","1644","2006-08-14","345"
"Misioneras de la Caridad","2367","1996-08-16","24"
"Misioneras de la Doctrina Cristiana","759","2000-03-28","239"
"Misioneras de la Inmaculada-Padre Kolbe","3814","1997-12-12","136"
"Misioneras de Nuestra Señora de Fátima","191","1999-10-07","221"
"Misioneras de Nuestra Señora del Perpetuo Socorro","1476","2005-06-27","328"
"Misioneras de San Antonio María Claret","889","1998-03-04","153"
"Misioneras Diocesanas de Jesús Sacerdote","1483","2003-10-27","306"
"Misioneras Diocesanas de María Madre de la Iglesia","2019","1997-07-18","94"
"Misioneras Esclavas del Inmaculado Corazón de María","2508","2005-11-01","334"
"MISIONERAS SERVIDORAS DEL EVANGELIO DE LA MISERICORDIA DE  DIOS  (SERVIDORAS DEL EVANGELIO)","305/2023","2023-06-05","404"
"Misioneros Claretianos o Misioneros Hijos del Inmac. Corazón de María. (Claretianos - Deleg de Humahuaca)","14","1999-02-10","134/1"
"Misioneros de Cristo Resucitado (As Publ Fiel in fieri VC)","96","1999-12-23","229"
"Misioneros de la Inmaculada Concepción de Lourdes  (PadresLourdistas)","2565","1997-09-08","111"
"Misioneros de la Sagrada Familia","33","2000-01-11","230"
"Misioneros de los Sagrados Corazones de Jesús y de María","3533","1997-11-17","128"
"Misioneros de los Sagrados Corazones de Jesús y de María (Mallorca)","3987","1997-12-23","140"
"Misioneros de Nuestra Señora de La Salette","1177","1998-04-02","163"
"Misioneros del Sagrado Corazón de Jesús","989","2000-04-17","242"
"MisionerosClaretianos o Misioneros Hijos del Inmaculado Corazón de María (Claretianos)","3813","1997-12-12","134"
"Monasterio de Carmelitas Descalzas Cristo Jesús y la Inmaculada del Carmen (Orden de la Bienaventurada Virgen María del Monte Carmelo)","1104","2004-06-09","6/29"
"Monasterio de la Preciosísima Sangre y Ntra Sra del Carmen de CD (Monjas Desc de la Orden de la BVM del MC)","2468","1997-09-02","6/17"
"Monasterio de Nuestra Señora del Rosario de Fátima (Monjas Misioneras Orantes y Penitentes de Nuestra Señora del Rosario de Fátima)","230","1999-12-07","228"
"Monasterio de San José y Santa Teresa (Monjas Descalzas de la Orden de la BVM del Monte Carmelo)","4011","1997-12-23","6/20"
"Monasterio de San José y Santa Teresa de Carmelitas Desc de Azul (Monjas D de la Orden de la BVM delMC)","2333","1997-08-22","6/17"
"Monasterio de Santa Catalina de Siena de Monj Dominicas","182","1998-01-19","147"
"Monasterio del Sagrado Corazón de Jesús y Ntra Señora del Monte Carmelo (Monjas Descalzas de la  Orden de la Bienaventurada Virgen María del Monte Carmelo)","4014","1997-12-23","6/19"
"Monasterio La Inmaculada del Valle Monjas de la Orden de Predicadores (Dominicas)","1320","2003-10-15","147/1"
"Monasterio Nuestra  Sradel Monte Carmelo y Sta Teresita del Niño Jesús (Monjas DdelaOd laBVMdelMC)","939","1998-03-04","6/21"
"Monasterio Nuestro Padre San José y Santa Teresita (Orden de la Bienaventurada Virgen María del Monte Carmelo)","850","2004-05-03","6/28"
"Monasterio Regina Martyrum (Monjas Descalzas  de la Orden de la Bienaventurada Virgen Maria del Monte Carmelo)","3722","2001-12-14","6/26"
"Monasterio San Bernardo (Orden de Carmelitas Descalzas de  la Bienaventurada Virgen del Monte Carmelo)","447","2003-07-11","6/27"
"Monasterio San José de Carmelitas Descalzas de Nueve de Julio (Monjas Descalzas de la Orden de la BVM del Monte Carmelo)","3979","1997-12-23","6/18"
"Monasterio San José y Sta Teresa  de CD de Gualeguaychú (Monjas DdelaOrden de la BVM del M C)","2311","1998-06-18","6/22"
"Monasterio Santa Gema (Religiosas de la Santísima Cruz y Pasión de Jesucristo)","94","1999-05-05","211"
"Monjas Benedictinas de la Congregación Benedictina del Cono Sur (Monast Nuestra Señora de la Fidelidad)","2","1997-01-02","4/2"
"Monjas Benedictinas de la Congregación Benedictina del Cono Sur (Monasterio Nuestra Señora del Paraná)","2365","1996-08-16","4/1"
"Monjas Descalzas de la BVM del Monte Carmelo (Monasterio del  Niño Jesús de Praga)","615","1997-03-14","6/6"
"Monjas Descalzas de la BVM del Monte Carmelo (Monasterio del Santísimo Corpus Christi y San Juan de la Cruz de C.D.)","320","1997-02-13","6/11"
"Monjas Descalzas de la Orden de la BVM del M Carmelo (Monasterio StaTeresa del Nñ Jesús y de la StaFaz de CD Carmelo Lisieux Arg)","3","1997-01-02","6/7"
"Monjas Descalzas de la Orden de la BVM del MCarmelo  (Monast de NS de Belén y SJosé de CD de Alta Gracia)","3444","1996-11-27","6/4"
"Monjas Descalzas de la Orden de la BVM del MCarmelo  Monasterio Ntra Sra de las Nieves y Sta Teresita (CD)","1608 y  1665","1996-06-12",""
"Monjas Descalzas de la Orden de la BVM del Monte Carmelo (Monasterio Ntra Sra del MC y S José de CD)","1588","1997-06-11","6/14"
"Monjas Descalzas de la Orden de la BVM del Monte Carmelo (Monasterio Ntra Sra. de la Paz de CD)","599","1997-03-14","6/13"
"Monjas Descalzas de la Orden de la BVM del Monte Carmelo (Monasterio Nuestra Señora del Rosario de CD)","156","1997-01-17","6/9"
"Monjas Descalzas de la Orden de la BVM del Monte Carmelo (Monasterio Santa María de Luján de CD)","207","1997-02-04","6/10"
"Monjas Descalzas de la Orden de la BVM del Monte Carmelo (Monasterio Sta Teresa de Jesús de CD)","4","1997-01-02","6/8"
"Monjas Descalzas de la Orden de la BVM del Monte Carmelo - Monast de Ntra Sra de Río Blanco y S Jose (CD)","1182","2000-05-05","6/23"
"Monjas Descalzas de la Orden de la BVM del Monte Carmelo -Monasterio de María de CD","1428","2001-05-04","6/25"
"Monjas Descalzas de la Orden de la BVM del Monte Carmelo -Monasterio Santa María de la Pampa","2572","2000-09-13","6/24"
"Monjas Descalzas de la Orden de la BVM del Monte Carmelo(Monasterio Carmelo del Esp Sto y María Madre de la Ig)","1584","1997-06-11","6/15"
"Monjas Descalzas de la Orden de la BVM del Monte Carmelo(Monasterio San Joséde Diadema Argentina de CD)","364","1997-02-19","6/12"
"Monjas Descalzas de la Orden de la BVM del Monte Carmelo-Monasterio de Sta Cruz y San José de CD","683","1996-03-19","6"
"Monjas Descalzas de la Orden de la BVM del Monte Carmelo-Monasterio San José de CDescalzas","2694","1996-09-23","6/2"
"Monjas Descalzas de la Orden de la BVM del Monte Carmelo. (Monasterio de San José de C D de Bs Aires)","3119","1996-10-29","6/3"
"Monjas Descalzas de laOrden de la BVM del Monte Carmelo (Monasterio del Amor Misericordioso y Sta Teresa del Niño Jesús de CD)","3570","1996-12-05","6/5"
"Monjes de la Santa Cruz","1986","0007-09-20","352"
"Oblatos Diocesanos -Instituto Secular-","1136","1997-05-08","82"
"Orantes de la Asunción","3570","1997-11-20","129"
"Oratorio Mariano Madre del Pueblo de Dios","125","2004-01-26","307"
"Orden Cartujana (Cartuja)","3696","1997-11-24","133"
"Orden Cistercience de la Estrecha Observancia (Hermanas Trapenses)","3049","1997-10-16","119"
"Orden de Agustinos Recoletos","1230","1997-05-13","84"
"Orden de Frailes Menores - Provincia Franciscana de la Asunción de la Santísima Virgen del Río de la Plata","2671","2001-08-24","14/2"
"Orden de Frailes Menores - Provincia Franciscana de la Inmaculada Concepción","238","2005-02-18","14/4"
"Orden de Frailes Menores - Provincia Franciscana San Miguel","1506","1996-05-28","14"
"Orden de Frailes Menores - Viceprovincia San Francisco Solano","1690","1998-05-13","14/1"
"Orden de Frailes Menores-Pcia.Franciscana SMiguel","1506","1996-05-28","14"
"Orden de Hermanos Menores - Pcia. Franciscana de San Jeronimo en Dalmacia","1619","2003-10-15","14/3"
"Orden de la Bienaventurada Virgen María de la Merced","215","2001-01-22","260"
"Orden de la Compañía de María Nuestra Señora","1712","1998-05-13","165"
"Orden de la Inmaculada Concepción (Madres Concepcionistas Franciscanas)","3664","2001-12-03","286"
"Orden de la Santísima Trinidad (Padres Trinitarios)","1710","1998-05-13","166"
"Orden de la Visitación de Santa María","1635","2001-05-28","271"
"ORDEN DE LA VISITACION DE SANTA MARIA - MONASTERIO DE LA VISITACION DE SANTA MARIA, EN LA VILLA DE LA CONCEPCION DEL RIO CUARTO","1456","2007-07-18","271/1"
"Orden de las Hermanas Pobres de Santa Clara (Monasterio de Santa Clara)","2111","1996-07-24","17"
"Orden de las Hermanas Pobres de Santa Clara - Monasterio de Santa Clara de Puán (Clarisas)","1160","2000-05-05","17/1"
"Orden de los Clérigos Regulares","56","1998-10-09","191"
"Orden de los Clérigos Regulares de San Pablo (Barnabitas)","48","1999-03-23","204"
"Orden de los Clérigos Regulares Pobres de la Madre de Dios de las Escuelas Pías (Orden de las Escuelas Pías-Padres Escolapios)","3256","2000-11-02","253"
"Orden de los Hermanos Menores Capuchinos (O de los Frailes Menores del Convento de la Iglesia de Nuestra Señora de Pompeya)","3842","1997-12-12","135"
"Orden de los Ministros de los Enfermos (Relig Camilos)","89","1999-05-05","210"
"Orden de los Siervos de María (Siervos de María)","2725","1996-09-23","40"
"Orden de Predicadores (Dominicos)","2161","1997-07-25","96"
"Orden de Predicadores - Provincia de Aragón","2054","2006-09-28","96/2"
"Orden de Predicadores - Vicaría Argentina de la Provincia de Irlanda (Dominicos)","3983","1997-12-23","96/1"
"Orden de Vírgenes Consagradas","24","2005-01-13","320"
"Orden Franciscana de Frailes Menores Conventuales (Orden Franciscana de FM - Provincia  Rioplatense San Antonio de Padua)","2806","1996-10-02","42"
"Orden Hospitalaria de S Juan de Dios - Pcia Sudamer Meridional  (Hnos Hospit de Sjuan de D - Centro de  Rehabilitación S Juan de D)","1003","1997-04-21","69/1"
"Orden Hospitalaria de San Juan de Dios - Pcia Sudameric Meridional (Hnos Hospitalarios S Juan de Dios)","200","1997-02-04","69"
"Orden Hospitalaria de SJuan de Dios - Pcia Sudamer Meridional  (Hnos Hospitalarios de SJuan de D Casa Ntra Sra  del Pilar)","1026","1997-04-21","69/3"
"Orden Hospitalaria de SJuan de Dios - Pcia Sudamer Meridional (Hnos Hospitalarios de SJuan de D-Casa Hospital SJuandeD)","1004","1997-04-21","69/2"
"Orden Maronita dela Beata MV(Ord Maronita Marianita)","1221","2000-05-05","244"
"Orden San Basilio Magno de San Josafat","1597","2002-09-05","297"
"OrdendelosHnosde San Agustín (Orden de San Agustín)","1332","1997-05-22","83"
"Pequeña Obra de la Divina Providencia","55","1998-10-09","195"
"Pequeñas Hermanas de la Divina Providencia","145","1999-07-02","218"
"Pequeñas Hermanas de la Sagrada Familia","1176","1998-04-02","162"
"Pequeñas Hermanas Misioneras de la Caridad (Hnas de Don Orione)","772","1997-04-04","77"
"Pía Sociedad de las Hijas de San Pablo (HnasPaulinas)","1322","1997-05-22","85"
"Pia Sociedad de San Cayetano","1598","2002-09-05","295"
"Pía Unión Hermanas Misioneras de la Virgen Milagrosa","447","2006-03-17","339"
"Pio Instituto Calasancio de Hijas de la Divina Pastora","2514","2002-12-27","300"
"Pobres Hijas de San Cayetano (Hnas de San Cayetano)","3721","1996-12-23","66"
"Religiosas de María Inmaculada","2348","1998-06-18","169"
"Religiosas de María Inmaculada Misioneras Claretianas","2567","1997-09-08","108"
"Religiosas de Santa Marta","3698","2000-12-20","257"
"Religiosas Dominicas de Santa Rosa de Lima","211","1999-11-18","227"
"Religiosas Hijas de Cristo Rey","3697","1997-11-24","131"
"Religiosas Misioneras de la Inmaculada Concepción","2383","1997-08-27","102"
"Religiosos Terciarios Capuchinos de Nuestra Señora de los Dolores","519","2005-03-21","323"
"Sacerdotes del Sagrado Corazón de Betharrám","18","1999-02-10","192"
"Sacerdotes del Sagrado Corazón de Jesús (Dehonianos)","157","1997-01-17","70"
"Sacerdotes Misioneros de la Familia","818","2003-08-25","302"
"Sección de las Focolarinas (Focolares Femeninos) de la Obra de María, Movimiento de los Focolares","2380","1996-08-16","25/2"
"Sección de los Focolarinos (Focolares Masculinos) de la Obra de María, Movimiento de los Focolares","2382","1996-08-16","25/1"
"Servidoras","2925","1997-10-03","115"
"Servidoras del Señor y de la Virgen de Matará","1103","2006-06-12","344"
"Servidoras del Señor y de la Virgen de Matará","1103","2006-06-12","344"
"Siervas de Jesús Obrero","3455","2001-11-15","284"
"Siervas de la Divina Providencia","40","1998-09-17","176"
"Siervas de María de Anglet","213","1999-11-18","225"
"Siervas de María Dolorosa de Nocera","1608","1997-06-11","87"
"Siervas de María Ministras de los Enfermos (Siervas de María)","2191","1996-08-01","19"
"Siervas de San José","53","1998-10-09","182"
"Siervas del Espíritu Santo de Perpetua Adoración (Convento del Divino Amor)","3261","1997-10-30","124"
"Sociedad de  Misiones Africanas","2701","2001-08-24","276"
"Sociedad de las Divinas Vocaciones (Padres Vocacionistas)","3196","1996-11-06","51"
"Sociedad de Misioneros Diocesanos","677","2007-04-13","268"
"Sociedad de San Francisco de Sales (Salesianos de Don Bosco) Inspectoría Nuestra Señora del Rosario","3989","1997-12-23","31/1"
"Sociedad de San Francisco de Sales (Salesianos de Don Bosco) Inspectoría San Francisco de Sales","2410","1996-09-03","31"
"Sociedad de San Francisco de Sales - Salesianos de Don Bosco - Inspectoría San Francisco Javier","3988","1997-12-23","31/2"
"Sociedad de San Francisco de Sales - Salesianos de Don Bosco - Inspectoría San Francisco Solano","19","1998-09-07","31/3"
"Sociedad de San Pablo (Paulinos)","736","1998-03-04","151"
"Sociedad de Servicio Social Misionero","96","1999-05-05","214"
"Sociedad del Apostolado Católico (Palotinos) Pcia Irlandesa","844","2000-04-07","236"
"Sociedad del Apostolado Católico. (Palotinos)-Región Nuestra Señora de Luján","1410","2000-05-24","236/1"
"Sociedad del Sagrado Corazón de Jesús","57","1998-10-09","194"
"Sociedad Hijas del Divino Salvador","8171481","2003-08-25","299"
"Sociedad San Francisco de Sales - Salesianos de Don Bosco - Inspectoría Nuestra Señora de Luján.","66","1999-04-08","31/4"
"Sodalitium Christianae Vitae","520","2005-03-21","322"
"Trabajadoras  Misioneras de la Inmaculada de la Familia Misionera Donum Dei","2791","2000-09-29","171"
"Unión de las Hermanas Dominicas Santo Tomásde Aquino","87","1999-05-05","208"
"UNION DEL APOSTOLADO CATOLICO (PALOTINOS)","1454","2007-07-18","236/2"
